BEBIDAS;AGUA;
BEBIDAS;REFRESCO;
BEBIDAS;NESCAFE;
BEBIDAS;CAFE;
BEBIDAS;JUGO;
BEBIDAS;DOLCE GUSTO;
BEBIDAS;TE;
BEBIDAS;COCA COLA;
BEBIDAS;COCA;
BEBIDAS;SPRITE;
BEBIDAS;CERVEZA;
BEBIDAS;CAPSULAS;
BEBIDAS;ENVASE;
BEBIDAS;VINO;
BEBIDAS;SCHWEPPES;
BEBIDAS;YERBA;
BEBIDAS;TERMA;
BEBIDAS;FANTA;
BEBIDAS;CERV;
BEBIDAS;POMELO;
BEBIDAS;INFUSION;
BEBIDAS;GASEOSA;
BEBIDAS;ENERGIZANTE;
BEBIDAS;LICOR;
BEBIDAS;HIELO;
BEBIDAS;PACK;
BEBIDAS;GUARANA;
BEBIDAS;PEPSI;
BEBIDAS;FRUTTE;
BEBIDAS;ADES;
BEBIDAS;DAYRICO;
BEBIDAS;PASO DE LOS TOROS;
BEBIDAS;PASO;
BEBIDAS;H2OH;
BEBIDAS;AGUA SABORIZADA;
BEBIDAS;TINTO;
BEBIDAS;BLANCO;
BEBIDAS;MALBEC;
BEBIDAS;CAVERNET;
BEBIDAS;SAUVIGNON;
BEBIDAS;TANNAT;
BEBIDAS;CARMENERE;
BEBIDAS;ROSADO;
BEBIDAS;PATRICIA;
BEBIDAS;ZILLERTAL;
BEBIDAS;CORONA;
BEBIDAS;PILSEN;
BEBIDAS;STELLA ARTOIS;
BEBIDAS;HEINEKEN;
BEBIDAS;CLIGHT;
BEBIDAS;MATUTINA;
BEBIDAS;SALUS;
BEBIDAS;ESTRELLA GALICIA;
BEBIDAS;PATAGONIA;
BEBIDAS;AQUARIUS;
BEBIDAS;VITALE;
BEBIDAS;MARTINI;
BEBIDAS;NATIVA;
BEBIDAS;FRIZZANTE;
BEBIDAS;TONICA;
BEBIDAS;POWERADE;
BEBIDAS;JOHNNIE WALKER;
BEBIDAS;BLENDERS;
BEBIDAS;FAISAN;
BEBIDAS;SANTA TERESA;
BEBIDAS;DON PASCUAL;
BEBIDAS;FERNET;
BEBIDAS;BRANCA;
BEBIDAS;GRAPAMIEL;
BEBIDAS;VESUBIO;
BEBIDAS;BAGGIO;
BEBIDAS;FRUTAL;
BEBIDAS;TANG;
BEBIDAS;TRAVERSA;
BEBIDAS;CONCHA Y TORO;
BEBIDAS;ROSES;
BEBIDAS;TRAPICHE;
BEBIDAS;CHARDONNAY;
BEBIDAS;TOSCANINI;
BEBIDAS;CASTEL PUJOL;
BEBIDAS;GATORADE;
BEBIDAS;BALLANTINES;
BEBIDAS;NORTE헤;
BEBIDAS;NORTENA;
BEBIDAS;CHANDON;
BEBIDAS;ESPUMOSO;
BEBIDAS;CHAMPAGNE;
BEBIDAS;VODKA;
BEBIDAS;ABSOLUT;
BEBIDAS;GIN;
BEBIDAS;SIDRA;
BEBIDAS;CHIVAS;
BEBIDAS;WHISKY;
BEBIDAS;MALTA;
BEBIDAS;RON;
BEBIDAS;1 L;
BEBIDAS;275 ML;
BEBIDAS;750 ML;
BEBIDAS;TEQUILA;
BEBIDAS;VERMOUTH;
BEBIDAS;APERITIVO;
BEBIDAS;600 ML;
BEBIDAS;600 CC;
BEBIDAS;345 ML;
BEBIDAS;1,5 L;
BEBIDAS;2 L;
BEBIDAS;2,5 L;
BEBIDAS;3 L;
PANADERIA;PAN;
PANADERIA;BIZCOCHOS;
PANADERIA;BIZC;
PANADERIA;TOSTADA;
PANADERIA;MEDIALUNA;
PANADERIA;CROISSANT;
PANADERIA;GRISINES;
PANADERIA;INTEGRAL;
PANADERIA;REBANADO;
PANADERIA;PITA;
PANADERIA;PAN DE AJO;
PANADERIA;GALLETA;
PANADERIA;PAN LACTAL;
PANADERIA;FACTURA;
PANADERIA;BATTA;
PANADERIA;FELIPE;
PANADERIA;MARSELLES;
PANADERIA;CIABATTA;
PANADERIA;PAN DE QUESO;
PANADERIA;PAN DULCE;
PANADERIA;MULTIGRANO;
LACTEOS;LECHE;
LACTEOS;L;
LACTEOS;CALCIO;
LACTEOS;QUESO;
LACTEOS;Q;
LACTEOS;FONDUE;
LACTEOS;MUZZARELLA;
LACTEOS;PARMESANO;
LACTEOS;CHEDDAR;
LACTEOS;UNTABLE;
LACTEOS;YOGURT;
LACTEOS;CREMA;
LACTEOS;TAPA;
LACTEOS;LICUADO;
LACTEOS;MASA;
LACTEOS;SILK;
LACTEOS;ALMENDRA;
LACTEOS;CONAP;
LACTEOS;CONAPROLE;
LACTEOS;MANTECA;
LACTEOS;CREMA DE LECHE;
LACTEOS;COLONIAL;
LACTEOS;BLANCANUBE;
LACTEOS;AVANTI;
LACTEOS;LECHE CHOCOLATADA;
LACTEOS;COLET;
LACTEOS;BIOTOP;
LACTEOS;YOGUR INTEGRAL;
LACTEOS;LA ESPECIALISTA;
LACTEOS;TAPA TARTA;
LACTEOS;TAPA EMPANADA;
LACTEOS;PARMALAT;
LACTEOS;MARGARINA;
LACTEOS;YOGURISIMO;
LACTEOS;CLALDY;
LACTEOS;ACTIMEL;
LACTEOS;SER;
LACTEOS;LECHE EN POLVO;
LACTEOS;DANONINO;
LACTEOS;LECHE CONDENSADA;
LACTEOS;CREAM CHEESE;
LACTEOS;CASANCREM;
LACTEOS;ARROZ CON LECHE;
CARNES Y FIAMBRES;CHORIZO;
CARNES Y FIAMBRES;HUEVO;
CARNES Y FIAMBRES;HUEVOS;
CARNES Y FIAMBRES;MORCILLA;
CARNES Y FIAMBRES;MORC;
CARNES Y FIAMBRES;CALPRYCA;
CARNES Y FIAMBRES;FRIGORIFICO;
CARNES Y FIAMBRES;MUSLO;
CARNES Y FIAMBRES;POLLO;
CARNES Y FIAMBRES;LOMITO;
CARNES Y FIAMBRES;JAMON;
CARNES Y FIAMBRES;J;
CARNES Y FIAMBRES;JAM;
CARNES Y FIAMBRES;PANCETA AHUMADA;
CARNES Y FIAMBRES;PANCETA;
CARNES Y FIAMBRES;PANC;
CARNES Y FIAMBRES;ENTRANA;
CARNES Y FIAMBRES;CARNE;
CARNES Y FIAMBRES;MATAMBRE;
CARNES Y FIAMBRES;SALMON;
CARNES Y FIAMBRES;CARNICERIA;
CARNES Y FIAMBRES;FIAMBRERIA;
CARNES Y FIAMBRES;MILANESA;
CARNES Y FIAMBRES;SALCHICHA;
CARNES Y FIAMBRES;SALAME;
CARNES Y FIAMBRES;SUPREMA;
CARNES Y FIAMBRES;CARNE PICADA;
CARNES Y FIAMBRES;COLITA CUADRIL;
CARNES Y FIAMBRES;BONDIOLA;
CARNES Y FIAMBRES;NALGA;
CARNES Y FIAMBRES;LOMO;
CARNES Y FIAMBRES;CERDO;
CARNES Y FIAMBRES;COSTILLA;
CARNES Y FIAMBRES;ENTRECOT;
CARNES Y FIAMBRES;BIFE;
CARNES Y FIAMBRES;PALETA;
CARNES Y FIAMBRES;HUESO;
CARNES Y FIAMBRES;PATAS;
CARNES Y FIAMBRES;VACUNA;
CARNES Y FIAMBRES;BOVINA;
CARNES Y FIAMBRES;PECETO;
CARNES Y FIAMBRES;CUADRIL;
CARNES Y FIAMBRES;PULPON DE VACIO;
CARNES Y FIAMBRES;MONDONGO;
CARNES Y FIAMBRES;ANGUS;
CARNES Y FIAMBRES;HEREFORD;
CARNES Y FIAMBRES;BRASAS;
CARNES Y FIAMBRES;FEEDLOT;
CARNES Y FIAMBRES;RI헲N;
CARNES Y FIAMBRES;RINON;
CARNES Y FIAMBRES;PICANHA;
CARNES Y FIAMBRES;ASADO;
CARNES Y FIAMBRES;ASADO DE TIRA;
CARNES Y FIAMBRES;CAMPO SUR;
CARNES Y FIAMBRES;CENTENARIO;
CARNES Y FIAMBRES;CATIVELLI;
CARNES Y FIAMBRES;BIFE ANCHO;
CARNES Y FIAMBRES;MATAMBRITO;
CARNES Y FIAMBRES;HIGADO;
CARNES Y FIAMBRES;PULPA;
CARNES Y FIAMBRES;CORDERO;
CARNES Y FIAMBRES;LECHON;
CARNES Y FIAMBRES;RACK;
CARNES Y FIAMBRES;PANCHOS;
CARNES Y FIAMBRES;MORTADELA;
CARNES Y FIAMBRES;PALETA;
CARNES Y FIAMBRES;PATE;
CARNES Y FIAMBRES;PECHUGA;
CARNES Y FIAMBRES;FIAMBRE;
CARNES Y FIAMBRES;JAMON CRUDO;
CARNES Y FIAMBRES;JAMON COCIDO;
CARNES Y FIAMBRES;PASTRAMI;
CARNES Y FIAMBRES;LEONESA;
CARNES Y FIAMBRES;LONGANIZA;
CARNES Y FIAMBRES;HUNGARAS;
CARNES Y FIAMBRES;MORCILLON;
CARNES Y FIAMBRES;MATAMBRE;
CARNES Y FIAMBRES;TOCINO;
CARNES Y FIAMBRES;CHACARERO;
CARNES Y FIAMBRES;SALAMIN;
CONGELADOS;MCCAIN;
CONGELADOS;ARTICO;
CONGELADOS;HAMBURGUESA SCHNECK;
FRUTAS Y VERDURAS;CEBOLLA;
FRUTAS Y VERDURAS;CEBOLLIN;
FRUTAS Y VERDURAS;MORRON VERDE;
FRUTAS Y VERDURAS;MORRON AMARILLO;
FRUTAS Y VERDURAS;MORRON ROJO;
FRUTAS Y VERDURAS;MORRON;
FRUTAS Y VERDURAS;CALABACIN;
FRUTAS Y VERDURAS;ACELGA;
FRUTAS Y VERDURAS;LIMON;
FRUTAS Y VERDURAS;BONIATO;
FRUTAS Y VERDURAS;PAPA;
FRUTAS Y VERDURAS;BANANA;
FRUTAS Y VERDURAS;ESPINACA;
FRUTAS Y VERDURAS;TOMATE;
FRUTAS Y VERDURAS;CHAMPIGNON;
FRUTAS Y VERDURAS;ARVEJAS;
FRUTAS Y VERDURAS;ZANAHORIA;
FRUTAS Y VERDURAS;ZAPALLO;
FRUTAS Y VERDURAS;LECHUGA;
FRUTAS Y VERDURAS;MANZANA;
FRUTAS Y VERDURAS;RUCULA;
FRUTAS Y VERDURAS;BROTES;
FRUTAS Y VERDURAS;REPOLLO;
FRUTAS Y VERDURAS;PERA;
FRUTAS Y VERDURAS;NARANJA;
FRUTAS Y VERDURAS;ZAPALLITO;
FRUTAS Y VERDURAS;PALTA;
FRUTAS Y VERDURAS;FRUTILLA;
FRUTAS Y VERDURAS;MANDARINA;
FRUTAS Y VERDURAS;AJO;
FRUTAS Y VERDURAS;CHOCLO;
FRUTAS Y VERDURAS;PUERRO;
FRUTAS Y VERDURAS;APIO;
FRUTAS Y VERDURAS;KIWI;
FRUTAS Y VERDURAS;PEPINO;
FRUTAS Y VERDURAS;BERENJENA;
FRUTAS Y VERDURAS;ARANDANO;
FRUTAS Y VERDURAS;COLIFLOR;
FRUTAS Y VERDURAS;NABO;
FRUTAS Y VERDURAS;REMOLACHA;
FRUTAS Y VERDURAS;REPOLLITO;
FRUTAS Y VERDURAS;KABUTIA;
FRUTAS Y VERDURAS;ACEITUNA;
FRUTAS Y VERDURAS;MANI;
FRUTAS Y VERDURAS;LIMA;
FRUTAS Y VERDURAS;DURAZNO;
FRUTAS Y VERDURAS;PI헤;
FRUTAS Y VERDURAS;PINA;
FRUTAS Y VERDURAS;VERDEO;
FRUTAS Y VERDURAS;CIRUELA;
FRUTAS Y VERDURAS;MANGO;
FRUTAS Y VERDURAS;ALBAHACA;
FRUTAS Y VERDURAS;PELON;
FRUTAS Y VERDURAS;ZUCHINI;
FRUTAS Y VERDURAS;POMELO;
FRUTAS Y VERDURAS;MAMAO;
FRUTAS Y VERDURAS;MELON;
FRUTAS Y VERDURAS;COCO;
FRUTAS Y VERDURAS;ENELDO;
FRUTAS Y VERDURAS;CILANTRO;
FRUTAS Y VERDURAS;ROMERO;
FRUTAS Y VERDURAS;CIBOULETTE;
FRUTAS Y VERDURAS;RABANITO;
FRUTAS Y VERDURAS;PASAS;
FRUTAS Y VERDURAS;NUECES;
FRUTAS Y VERDURAS;MANI;
FRUTAS Y VERDURAS;ALMENDRA;
FRUTAS Y VERDURAS;CASTA헤S;
FRUTAS Y VERDURAS;CAJU;
FRUTAS Y VERDURAS;CHIA;
FRUTAS Y VERDURAS;PISTACHO;
FRUTAS Y VERDURAS;PIPAS;
FRUTAS Y VERDURAS;GIRASOL;
FRUTAS Y VERDURAS;CEREZAS;
FRUTAS Y VERDURAS;DATILES;
ALIMENTOS PREPARADOS;PIZZA;
ALIMENTOS PREPARADOS;ENSALADA;
ALIMENTOS PREPARADOS;TARTA;
ALIMENTOS PREPARADOS;EMPANADA;
ALIMENTOS PREPARADOS;LASAGNA;
ALIMENTOS PREPARADOS;BASTONES MOZZARELLA;
ALIMENTOS PREPARADOS;RAVIOLES;
ALIMENTOS PREPARADOS;BASTONES PAPA;
ALIMENTOS PREPARADOS;ARROLLADITOS PRIMAVERA;
ALIMENTOS PREPARADOS;NUGGETS;
ALIMENTOS PREPARADOS;SORRENTINOS;
ALIMENTOS PREPARADOS;CREPES;
ALIMENTOS PREPARADOS;RAVIOLONES;
ALMACEN;CASERO;
ALMACEN;AZUCAR;
ALMACEN;HARINA;
ALMACEN;FIDEOS;
ALMACEN;COCOA;
ALMACEN;ARROZ;
ALMACEN;MAYONESA;
ALMACEN;KETCHUP;
ALMACEN;MOSTAZA;
ALMACEN;ACEITE;
ALMACEN;CALDO;
ALMACEN;CEREAL;
ALMACEN;ALMIDON;
ALMACEN;MAICENA;
ALMACEN;POLENTA;
ALMACEN;QUINOA;
ALMACEN;COUS COUS;
ALMACEN;SALSA;
ALMACEN;SOPA;
ALMACEN;ACEITUNA;
ALMACEN;LENTEJA;
ALMACEN;SAL;
ALMACEN;HORNEAR;
ALMACEN;PIMENTON;
ALMACEN;AJIL;
ALMACEN;PAN RALLADO;
ALMACEN;LEVADURA;
ALMACEN;ATUN;
ALMACEN;AVENA;
ALMACEN;GRANOLA;
ALMACEN;PASTA;
ALMACEN;OREGANO;
ALMACEN;PULPA DE TOMATE;
ALMACEN;YERBA;
ALMACEN;POLVO DE HORNEAR;
ALMACEN;GALLETA ARROZ;
ALMACEN;SAL FINA;
ALMACEN;SAL GRUESA;
ALMACEN;PURE;
ALMACEN;ACEITE;
ALMACEN;ACEITE GIRASOL;
ALMACEN;CHOCLO;
ALMACEN;ARVEJAS;
ALMACEN;ENLATADO;
ALMACEN;RAPIDITAS;
ALMACEN;VINAGRE;
ALMACEN;ADRIA;
ALMACEN;AZUCAR RUBIO;
ALMACEN;ALMIDON DE MAIZ;
ALMACEN;EDULCORANTE;
ALMACEN;ENDULZANTE;
ALMACEN;STEVIA;
ALMACEN;SUCARLIGHT;
ALMACEN;VASCOLET;
ALMACEN;NESCAU;
ALMACEN;MERMELADA;
ALMACEN;GELATINA;
ALMACEN;VAINILLA LIQUIDA;
ALMACEN;ESENCIA VAINILLA;
ALMACEN;DURAZNO EN ALMIBAR;
ALMACEN;ANANA EN ALMIBAR;
ALMACEN;QUINOA;
ALMACEN;POROTOS;
ALMACEN;ACEITE OLIVA;
ALMACEN;LENTEJONES;
ALMACEN;MIEL;
COPETIN;PAPAS FRITAS;
COPETIN;SNACK;
COPETIN;DORITOS;
COPETIN;LAYS;
COPETIN;MANI;
COPETIN;ACEITUNAS;
COPETIN;PAPAS Y BONIATOS;
COPETIN;DE LA TIERRA;
COPETIN;MANI JAPONES;
COPETIN;RUFFLES;
COPETIN;CHEETOS;
COPETIN;PALI JAMON;
COPETIN;PALI CHIPS;
COPETIN;CROKISSIMO;
COPETIN;PRINGLES;
COPETIN;STAX;
COPETIN;PEP;
COPETIN;CHIPS;
COPETIN;3D;
COPETIN;NUECES;
COPETIN;SEMILLAS;
COPETIN;CASTA헤S;
COPETIN;MANOLO;
COPETIN;TOSTADAS;
COPETIN;ALMENDRAS;
COPETIN;POLAKITOS;
COPETIN;TORTILLAS;
COPETIN;PISTACHOS;
COPETIN;MIX;
COPETIN;APERITIVO;
DULCES Y POSTRES;POSTRE;
DULCES Y POSTRES;TORTA;
DULCES Y POSTRES;GALLETAS;
DULCES Y POSTRES;CHOCOLATE;
DULCES Y POSTRES;CHOC;
DULCES Y POSTRES;CRUMBLE;
DULCES Y POSTRES;HELADO;
DULCES Y POSTRES;GALLETITAS;
DULCES Y POSTRES;GRANOLA;
DULCES Y POSTRES;CARAMELO;
DULCES Y POSTRES;GELATINA;
DULCES Y POSTRES;DULCE DE LECHE;
DULCES Y POSTRES;DULCE DE MEMBRILLO;
DULCES Y POSTRES;CAKE;
DULCES Y POSTRES;ALFAJOR;
DULCES Y POSTRES;FLAN;
DULCES Y POSTRES;OBLEA;
DULCES Y POSTRES;OREO;
DULCES Y POSTRES;BOMBON;
DULCES Y POSTRES;MILKA;
DULCES Y POSTRES;ARCOR;
DULCES Y POSTRES;BARRITA CEREAL;
DULCES Y POSTRES;DANETTE;
DULCES Y POSTRES;BIZCOCHUELO;
DULCES Y POSTRES;CHAJA;
DULCES Y POSTRES;TIRAMISU;
DULCES Y POSTRES;LEMON PIE;
DULCES Y POSTRES;OLASO;
DULCES Y POSTRES;BUDIN;
DULCES Y POSTRES;PASTAFROLA;
DULCES Y POSTRES;MAGDALENAS;
DULCES Y POSTRES;PIONONO;
DULCES Y POSTRES;MERENGUES;
DULCES Y POSTRES;MUFFINS;
DULCES Y POSTRES;BROWNIE;
DULCES Y POSTRES;CONFITERIA;
DULCES Y POSTRES;MASITAS;
DULCES Y POSTRES;POP;
DULCES Y POSTRES;GOMITAS;
DULCES Y POSTRES;CHICLE;
DULCES Y POSTRES;MANTECOL;
DULCES Y POSTRES;MARSHMALLOW;
DULCES Y POSTRES;FINI;
DULCES Y POSTRES;CHUPETIN;
DULCES Y POSTRES;MANTEQUILLA MANI;
DULCES Y POSTRES;CONFITES;
DULCES Y POSTRES;BOMBONERA;
DULCES Y POSTRES;PASTILLAS;
DULCES Y POSTRES;TICHOLO;
DULCES Y POSTRES;BARQUILLO;
DULCES Y POSTRES;GELATINAS;
DULCES Y POSTRES;CONFITES;
DULCES Y POSTRES;OLASO;
DULCES Y POSTRES;TURRON;
DULCES Y POSTRES;TRUFAS;
LIMPIEZA;DETERGENTE;
LIMPIEZA;DET;
LIMPIEZA;CONEJO;
LIMPIEZA;SUAVIZANTE;
LIMPIEZA;SUAV;
LIMPIEZA;JABON;
LIMPIEZA;ALCOHOL;
LIMPIEZA;LIMPIADOR;
LIMPIEZA;LIMP;
LIMPIEZA;PANO;
LIMPIEZA;TRAPO;
LIMPIEZA;PANO;
LIMPIEZA;AGUA JANE;
LIMPIEZA;JANE;
LIMPIEZA;FABULOSO;
LIMPIEZA;LIMPIA;
LIMPIEZA;GUANTE;
LIMPIEZA;GLADE;
LIMPIEZA;ESPONJA;
LIMPIEZA;LAVANDINA;
LIMPIEZA;TOALLAS;
LIMPIEZA;PAPEL HIG;
LIMPIEZA;LUSTRAMUEBLE;
LIMPIEZA;SERVILLETA;
LIMPIEZA;ANTIGRASA;
LIMPIEZA;BOLSA RESIDUO;
LIMPIEZA;ROLLO COCINA;
LIMPIEZA;CIF;
LIMPIEZA;BLEM;
LIMPIEZA;PA헲;
LIMPIEZA;MR. MUSCULO;
LIMPIEZA;LYSOFORM;
LIMPIEZA;ESPONJA ALUMINIO;
LIMPIEZA;DESODORANTE INODORO;
LIMPIEZA;LIMPIA VIDRIOS;
LIMPIEZA;DETERGENTE LAVAVAJILLA;
LIMPIEZA;LAVAVAJILLA;
LIMPIEZA;JABON EN POLVO;
LIMPIEZA;DESODORANTE AMBIENTE;
LIMPIEZA;QUITAMANCHAS;
LIMPIEZA;FRANELA;
LIMPIEZA;ESCOBA;
LIMPIEZA;LAMPAZO;
LIMPIEZA;PALA;
LIMPIEZA;FELPUDO;
LIMPIEZA;INSECTICIDA;
LIMPIEZA;RATICIDA;
LIMPIEZA;CUCARACHICIDA;
LIMPIEZA;BALDE;
LIMPIEZA;PLUMERO;
LIMPIEZA;CANASTA INODORO;
LIMPIEZA;VANISH;
LIMPIEZA;SOPAPA;
LIMPIEZA;MOPA;
LIMPIEZA;PRIX;
LIMPIEZA;NEVEX;
LIMPIEZA;PRELAVADO;
LIMPIEZA;TRENET;
LIMPIEZA;RAID;
LIMPIEZA;ESPIRALES;
LIMPIEZA;REPELENTE;
LIMPIEZA;OFF;
LIMPIEZA;JUPITER;
BA헲;DISPENSADOR JABON;
BA헲;ALFOMBRA BA헲;
BA헲;ASIENTO INODORO;
BA헲;BA헲;
BA헲;CORTINA BA헲;
BA헲;JABONERA;
BA헲;PAPEL HIGIENICO;
BA헲;CESTO ROPA;
BA헲;CANASTO ROPA;
BA헲;ESCOBILLA BA헲;
BA헲;BALANZA BA헲;
HIGIENE PERSONAL;CEPILLO DIENTES;
HIGIENE PERSONAL;DENTAL;
HIGIENE PERSONAL;DESODORANTE;
HIGIENE PERSONAL;SHAMPOO;
HIGIENE PERSONAL;SHAMP;
HIGIENE PERSONAL;ACONDICIONADOR;
HIGIENE PERSONAL;ACOND;
HIGIENE PERSONAL;CREMA DENTAL;
HIGIENE PERSONAL;INTIMO;
HIGIENE PERSONAL;GEL;
HIGIENE PERSONAL;CHAMPU;
HIGIENE PERSONAL;PROTECTOR;
HIGIENE PERSONAL;ENJUAGUE;
HIGIENE PERSONAL;BUCAL;
HIGIENE PERSONAL;PERFUME;
HIGIENE PERSONAL;JABON;
HIGIENE PERSONAL;PROTEX;
HIGIENE PERSONAL;DOVE;
HIGIENE PERSONAL;PA헷ELO;
HIGIENE PERSONAL;ELITE;
HIGIENE PERSONAL;KOLYNOS;
HIGIENE PERSONAL;COLGATE;
HIGIENE PERSONAL;HIGIENOL;
HIGIENE PERSONAL;ALGODON;
HIGIENE PERSONAL;TAPABOCA;
HIGIENE PERSONAL;ALCOHOL RECTIFICADO;
HIGIENE PERSONAL;ALCOHOL ANTISEPTICO;
HIGIENE PERSONAL;ENJUAGUE BUCAL;
HIGIENE PERSONAL;ALCOHOL EN GEL;
HIGIENE PERSONAL;DR SELBY;
HIGIENE PERSONAL;COTONETES;
HIGIENE PERSONAL;TOALLITAS;
HIGIENE PERSONAL;TOALLITAS HUMEDAS;
HIGIENE PERSONAL;JABON LIQUIDO;
HIGIENE PERSONAL;ASTRAL;
HIGIENE PERSONAL;TOALLA FEMENINA;
HIGIENE PERSONAL;KOTEX;
HIGIENE PERSONAL;LADYSOFT;
HIGIENE PERSONAL;AXE;
HIGIENE PERSONAL;HIDRATACION;
HIGIENE PERSONAL;PROTECTOR DIARIO;
HIGIENE PERSONAL;HUMECTANTE;
HIGIENE PERSONAL;PANTENE;
HIGIENE PERSONAL;HUGGIES;
HIGIENE PERSONAL;PA헤LES;
HIGIENE PERSONAL;HEAD & SHOULDER;
HIGIENE PERSONAL;REXONA;
HIGIENE PERSONAL;AFEITADORA;
HIGIENE PERSONAL;BABYSEC;
HIGIENE PERSONAL;ELVIVE;
HIGIENE PERSONAL;HILO DENTAL;
HIGIENE PERSONAL;CEPILLO CABELLO;
HIGIENE PERSONAL;PEINE;
HIGIENE PERSONAL;CREMA PEINAR;
HIGIENE PERSONAL;TALCO;
HIGIENE PERSONAL;ESPUMA AFEITAR;
HIGIENE PERSONAL;GILETTE;
HIGIENE PERSONAL;GEL DUCHA;
HIGIENE PERSONAL;LYSOFORM;
HIGIENE PERSONAL;LOCION;
HIGIENE PERSONAL;CREMA CORPORAL;
HIGIENE PERSONAL;LIMA;
HIGIENE PERSONAL;COLONIA;
HIGIENE PERSONAL;COLORACION;
HIGIENE PERSONAL;ESMALTE;
HIGIENE PERSONAL;DELINEADOR;
HIGIENE PERSONAL;MAYBELLINE;
HIGIENE PERSONAL;MASCARA PESTA헤S;
HIGIENE PERSONAL;LABIAL;
HIGIENE PERSONAL;BASE;
HIGIENE PERSONAL;CEPILLO PELO;
HIGIENE PERSONAL;EAU DE TOILETTE;
HIGIENE PERSONAL;TAMPONES;
HIGIENE PERSONAL;VOGUE;
HIGIENE PERSONAL;PAMPERS;
HIGIENE PERSONAL;GEL;
HIGIENE PERSONAL;FIJADOR;
HIGIENE PERSONAL;ESPUMA LIMPIADORA;
HIGIENE PERSONAL;MAQUILLAJE;
HIGIENE PERSONAL;SET DE GOMITAS;
HIGIENE PERSONAL;PESTA헤S;
HIGIENE PERSONAL;CABELLO;
HIGIENE PERSONAL;PELO;
HIGIENE PERSONAL;CEJAS;
HIGIENE PERSONAL;U헤S;
HIGIENE PERSONAL;BANDITAS;
HIGIENE PERSONAL;CREMA MANOS;
HIGIENE PERSONAL;PRESERVATIVO;
HIGIENE PERSONAL;AFTER SHAVE;
HIGIENE PERSONAL;QUITAESMALTE;
HIGIENE PERSONAL;OJERAS;
HIGIENE PERSONAL;ALICATE;
HIGIENE PERSONAL;LIMA;
COCINA;FILM;
COCINA;PAPEL ALUMINIO;
COCINA;PAPEL MANTECA;
COCINA;PAPEL FILTRO;
COCINA;ROLLO COCINA;
COCINA;MOLDE;
COCINA;ESPATULA;
COCINA;ASADERA;
COCINA;COLADOR;
COCINA;TABLA;
COCINA;UTENSILIO;
COCINA;CUCHARA;
COCINA;EXPRIMIDOR;
COCINA;BOWL;
COCINA;SARTEN;
COCINA;ENCENDEDOR;
COCINA;VASO;
COCINA;PELADOR;
COCINA;PELAPAPA;
COCINA;AZUCARERO;
COCINA;OLLA;
COCINA;TIJERA;
COCINA;CALDERA;
COCINA;CACEROLA;
COCINA;CENTRIFUGADORA;
COCINA;WOK;
COCINA;FRASCO;
COCINA;JARRA;
COCINA;CUCHILLA;
COCINA;CUCHILLO;
COCINA;TENEDOR;
COCINA;PLATO;
COCINA;BANDEJA;
COCINA;JARRO;
COCINA;TAZA;
COCINA;HERVIDOR;
COCINA;TERMO;
COCINA;EMBUDO;
COCINA;SALERO;
COCINA;PIMENTERO;
COCINA;VASO TERMICO;
COCINA;BOTELLA TERMICA;
COCINA;RECIPIENTE;
COCINA;RALLADOR;
COCINA;SACACORCHOS;
COCINA;PIZZERA;
COCINA;BALANZA COCINA;
COCINA;PANERA;
COCINA;PARRILLA;
COCINA;CARAMA헲LA;
COCINA;DESTAPADOR;
COCINA;SERVILLETA;
COCINA;SERVILLETERO;
COCINA;ESPUMADERA;
COCINA;FUENTE;
COCINA;PINZA;
COCINA;ESCURRIDOR;
COCINA;MOLINILLO;
COCINA;CUBIERTOS;
COCINA;CUCHARON;
COCINA;ABRELATAS;
COCINA;ABRIDOR;
COCINA;PALA;
COCINA;PINCEL SILICONA;
COCINA;POSA VASO;
COCINA;ACEITERA;
COCINA;VINAGRERA;
COCINA;INDIVIDUAL;
COCINA;COPA;
COCINA;ENSALADERA;
COCINA;CAZUELA;
COCINA;TETERA;
COCINA;PLATO HONDO;
COCINA;PLATO LLANO;
COCINA;JUEGO DE CUBIERTOS;
COCINA;TENEDORES;
COCINA;CUCHILLOS;
COCINA;CUCHARAS;
COCINA;CUCHARITA;
COCINA;PLANCHA HIERRO;
COCINA;BOMBILLA;
COCINA;MATE;
COCINA;MATERA;
COCINA;CUBETERA;
COCINA;FILTRO AGUA;
COCINA;LENA SERRANA;
COCINA;TUPPER;
ELECTRODOMESTICOS;JARRA ELECTRICA;
ELECTRODOMESTICOS;TERMOTANQUE;
ELECTRODOMESTICOS;CAFETERA;
ELECTRODOMESTICOS;COCINA A GAS;
ELECTRODOMESTICOS;MICROONDAS;
ELECTRODOMESTICOS;FREIDORA;
ELECTRODOMESTICOS;ASPIRADORA;
ELECTRODOMESTICOS;POPERA;
ELECTRODOMESTICOS;CALOVENTILADOR;
ELECTRODOMESTICOS;VENTILADOR;
ELECTRODOMESTICOS;EXPRIMIDOR;
ELECTRODOMESTICOS;SECADOR;
ELECTRODOMESTICOS;DESHUMIDIFICADOR;
ELECTRODOMESTICOS;PLANCHA VAPOR;
ELECTRODOMESTICOS;ESTUFA SUPERGAS;
ELECTRODOMESTICOS;CONVECTOR;
ELECTRODOMESTICOS;ESTUFA CUARZO;
ELECTRODOMESTICOS;MIXER;
ELECTRODOMESTICOS;CORTABARBA;
ELECTRODOMESTICOS;CAFETERA EXPRESS;
ELECTRODOMESTICOS;AFEITADORA;
ELECTRODOMESTICOS;TOSTADORA;
ELECTRODOMESTICOS;RIZADOR;
ELECTRODOMESTICOS;WAFFLERA;
ELECTRODOMESTICOS;HELADERA;
ELECTRODOMESTICOS;DEPILADORA;
ELECTRODOMESTICOS;LAVARROPAS;
ELECTRODOMESTICOS;LICUADORA;
ELECTRODOMESTICOS;BATIDORA;
ELECTRODOMESTICOS;PICADORA CARNE;
ELECTRODOMESTICOS;CORTA PELO;
ELECTRODOMESTICOS;RALLADOR;
ELECTRODOMESTICOS;SANDWICHERA;
ELECTRODOMESTICOS;AIRE ACONDICIONADO;
ELECTRODOMESTICOS;PURIFICADOR AIRE;
ELECTRODOMESTICOS;ESTERILIZADOR VEGETALES;
ELECTRODOMESTICOS;PURIFICADOR AGUA;
ELECTRODOMESTICOS;PICADORA;
ELECTRODOMESTICOS;SECARROPAS;
ELECTRODOMESTICOS;SOPERA;
ELECTRODOMESTICOS;FREEZER;
ELECTRODOMESTICOS;FRIGOBAR;
ELECTRODOMESTICOS;TRIMMER;
ELECTRODOMESTICOS;MAQUINA PAN;
ELECTRODOMESTICOS;MULTIPROCESADORA;
ELECTRODOMESTICOS;DISPENSADOR AGUA;
ELECTRODOMESTICOS;CAPUCCINERA;
ELECTRODOMESTICOS;MAQUINA COSER;
ELECTRODOMESTICOS;MASAJEADOR;
ELECTRODOMESTICOS;MANTA ELECTRICA;
ELECTRODOMESTICOS;PANETERA;
ELECTRODOMESTICOS;CALIENTACAMAS;
ELECTRODOMESTICOS;RADIADOR;
ELECTRODOMESTICOS;ENCERADORA;
ELECTRODOMESTICOS;EXTRACTOR;
PAPELERIA;CUADERNOLA;
PAPELERIA;PAPEL;
PAPELERIA;BOLIGRAFO;
PAPELERIA;LAPICERA;
PAPELERIA;CUADERNO;
PAPELERIA;CINTA;
PAPELERIA;MARCADORES;
PAPELERIA;BANDAS ELASTICAS;
PAPELERIA;MARCADOR PIZARRA;
PAPELERIA;GOMA BORRAR;
PAPELERIA;PEGAMENTO;
PAPELERIA;CORRECTOR;
PAPELERIA;PAPEL GLACE;
PAPELERIA;CARPETA;
PAPELERIA;A4;
PAPELERIA;LIBRETA;
PAPELERIA;BLOCK;
PAPELERIA;CABALLITO;
PAPELERIA;RESALTADOR;
PAPELERIA;LAPICES;
PAPELERIA;LAPIZ;
PAPELERIA;FOTOCOPIA;
PAPELERIA;CRAYOLAS;
PAPELERIA;GEOMETRIA;
PAPELERIA;SACAPUNTAS;
PAPELERIA;CLIP;
PAPELERIA;TIJERA;
PAPELERIA;MINAS;
PAPELERIA;PAPEL CELOFAN;
PAPELERIA;PASTELES;
PAPELERIA;CHINCHES;
PAPELERIA;REGLA;
PAPELERIA;ESCUADRA;
PAPELERIA;SEMICIRCULO;
PAPELERIA;COMPAS;
PAPELERIA;BRILLANTINA;
PAPELERIA;CERAMICA;
PAPELERIA;CARTUCHERA;
PAPELERIA;GOM EVA;
PAPELERIA;PIZARRA;
PAPELERIA;MOCHILA;
PAPELERIA;ARCHIVADOR;
PAPELERIA;CARTULINA;
PAPELERIA;PERFORADORA;
PAPELERIA;PORTAMINA;
PAPELERIA;SOBRE;
PAPELERIA;FORRO;
PAPELERIA;TEMPERAS;
PAPELERIA;STICKER;
PAPELERIA;ESCOLAR;
PAPELERIA;BOLSO;
PAPELERIA;COLORES;
TEXTILES;REPASADOR;
TEXTILES;ALMOHADA;
TEXTILES;TOALLA;
TEXTILES;PERCHA;
TEXTILES;ELASTICO;
TEXTILES;SEDALINA;
TEXTILES;EDERDON;
TEXTILES;ALMOHADON;
TEXTILES;MEDIAS;
TEXTILES;SABANAS;
TEXTILES;ACOLCHADO;
TEXTILES;PROTECTOR COLCHON;
TEXTILES;BOMBACHA;
TEXTILES;PANTALON;
TEXTILES;ALFILER;
TEXTILES;CAMPERA;
TEXTILES;PANTUFLA;
TEXTILES;MANTEL;
TEXTILES;LANA;
TEXTILES;GORRO;
TEXTILES;FRAZADA;
TEXTILES;BUZO;
TEXTILES;FUNDA;
TEXTILES;BOXER;
TEXTILES;CORDON;
TEXTILES;CAMISETA;
TEXTILES;CAMISA;
TEXTILES;TAPADO;
TEXTILES;MOSQUITERO;
TEXTILES;CAPA;
TEXTILES;T-SHIRT;
TEXTILES;BABERO;
TEXTILES;CODERA;
TEXTILES;RODILLERA;
TEXTILES;POLERA;
TEXTILES;BROCHE;
TEXTILES;SOUTIEN;
TEXTILES;JEAN;
TEXTILES;HILO;
TEXTILES;AGUJA;
TEXTILES;SACO;
TEXTILES;BOTA;
TEXTILES;PIJAMA;
TEXTILES;BIKINI;
TEXTILES;COLALESS;
TEXTILES;CORPI헲;
TEXTILES;CONJUNTO;
TEXTILES;LEGGING;
TEXTILES;CALZA;
TEXTILES;BATA;
TEXTILES;CHAMPION;
TEXTILES;CARDIGAN;
TEXTILES;SLIP;
TEXTILES;MOCASIN;
TEXTILES;BLUSA;
TEXTILES;BILLETERA;
TEXTILES;MUSCULOSA;
TEXTILES;ALGODON;
TEXTILES;MANTA;
TEXTILES;CANGURO;
FERRETERIA;PILA;
FERRETERIA;PEGAMENTO;
FERRETERIA;ADAPTADOR;
FERRETERIA;LAMPARA;
FERRETERIA;CINTA;
FERRETERIA;ESCALERA;
FERRETERIA;LINTERNA;
FERRETERIA;FIELTRO;
FERRETERIA;ZOCALO;
FERRETERIA;BURLETE;
FERRETERIA;TOPE;
FERRETERIA;CANILLA;
FERRETERIA;ACOPLE;
FERRETERIA;MANGUERA;
FERRETERIA;ABRAZADERA;
FERRETERIA;COLILLA;
FERRETERIA;DESAGUE;
FERRETERIA;VALVULA;
FERRETERIA;ATORNILLADOR;
FERRETERIA;TIMER;
FERRETERIA;TALADRO;
FERRETERIA;HIDROLAVADORA;
FERRETERIA;CABLE;
FERRETERIA;DESTORNILLADOR;
FERRETERIA;SIERRA;
FERRETERIA;AMOLADORA;
FERRETERIA;ELECTROSIERRA;
FERRETERIA;BATERIA;
FERRETERIA;CEMENTAR;
FERRETERIA;MOTOSIERRA;
FERRETERIA;CORTACERCO;
FERRETERIA;CAJA;
FERRETERIA;CAJON;
FERRETERIA;HERRAMIENTA;
FERRETERIA;VALIJA;
FERRETERIA;ORGANIZADOR;
FERRETERIA;PINZA;
FERRETERIA;CANASTO;
FERRETERIA;MECHAS;
FERRETERIA;CLAVO;
FERRETERIA;TORNILLO;
FERRETERIA;CANDADO;
FERRETERIA;TACO FISCHER;
FERRETERIA;GRAMPA;
FERRETERIA;PITON;
FERRETERIA;TIRAFONDO;
FERRETERIA;REMACHE;
FERRETERIA;ALARGUE;
FERRETERIA;FICHA;
FERRETERIA;TIMBRE;
FERRETERIA;ZAPATILLA;
FERRETERIA;INTERRUPTOR;
FERRETERIA;PORTALAMPARA;
FERRETERIA;INFLADOR;
FERRETERIA;FOTOCELULA;
FERRETERIA;BORNERA;
FERRETERIA;TOMA;
FERRETERIA;CONECTOR;
FERRETERIA;TESTER;
FERRETERIA;SILICONA;
FERRETERIA;ADHESIVO;
FERRETERIA;CEMENTO;
FERRETERIA;EPOXI;
FERRETERIA;MASILLA;
FERRETERIA;SELLADOR;
FERRETERIA;PEGA;
FERRETERIA;POXILINA;
FERRETERIA;LA GOTITA;
FERRETERIA;ECCOLE;
FERRETERIA;COLA;
FERRETERIA;AGUARRAS;
FERRETERIA;PINCEL;
FERRETERIA;DESOXIDANTE;
FERRETERIA;RODILLO;
FERRETERIA;PINTURA;
FERRETERIA;PINCELETA;
FERRETERIA;BARNIZ;
FERRETERIA;ESMALTE;
FERRETERIA;CIELORRASO;
FERRETERIA;ENDUIDO;
FERRETERIA;PROTECTOR MADERA;
FERRETERIA;BALDE;
FERRETERIA;REMOVEDOR;
FERRETERIA;LUZ;
FERRETERIA;LED;
FERRETERIA;FOCO;
FERRETERIA;FAROL;
FERRETERIA;PISTOLA;
FERRETERIA;TRINCHETA;
FERRETERIA;HACHA;
FERRETERIA;LLAVE;
FERRETERIA;MACETA;
FERRETERIA;DISCO CORTE;
FERRETERIA;MARTILLO;
FERRETERIA;SERRUCHO;
FERRETERIA;PALA;
FERRETERIA;ROTOMARTILLO;
FERRETERIA;MORSA;
FERRETERIA;ALICATE;
FERRETERIA;NIVEL;
FERRETERIA;BALONADORA;
FERRETERIA;EMGRAMPADORA;
FERRETERIA;REMACHADORA;
FERRETERIA;PRENSA;
FERRETERIA;CALIBRE;
FERRETERIA;NAVAJA;
FERRETERIA;PULIDORA;
FERRETERIA;GUANTES;
FERRETERIA;SUNCHO;
FERRETERIA;DISOLVENTE;
FERRETERIA;CUERDA;
DEPORTES Y FITNESS;BALL;
DEPORTES Y FITNESS;BOXEO;
DEPORTES Y FITNESS;PELOTA;
DEPORTES Y FITNESS;VOLLEY;
DEPORTES Y FITNESS;BASKET;
DEPORTES Y FITNESS;BASKETBALL;
DEPORTES Y FITNESS;TENIS;
DEPORTES Y FITNESS;PING PONG;
DEPORTES Y FITNESS;FUTBOLITO;
DEPORTES Y FITNESS;COLCHONETA;
DEPORTES Y FITNESS;YOGA MAT;
DEPORTES Y FITNESS;YOGA;
DEPORTES Y FITNESS;MANCUERNA;
DEPORTES Y FITNESS;EJERCICIO;
DEPORTES Y FITNESS;SURF;
DEPORTES Y FITNESS;MOREY;
DEPORTES Y FITNESS;FUTBOL;
DEPORTES Y FITNESS;GOLERO;
DEPORTES Y FITNESS;CANILLERAS;
DEPORTES Y FITNESS;BICICLETA;
DEPORTES Y FITNESS;ERGOMETRICA;
DEPORTES Y FITNESS;CAMINADOR;
DEPORTES Y FITNESS;GIMNASIO;
DEPORTES Y FITNESS;BICI;
DEPORTES Y FITNESS;SPINNING;
DEPORTES Y FITNESS;ELIPTICA;
DEPORTES Y FITNESS;REMO;
DEPORTES Y FITNESS;RAQUETA;
OTROS;BOLSA;
OTROS;BOLSA CAMISETA;
OTROS;OTROS;
